"Date/Time (UTC)","RAAN","Inclination","Arg of Perigee","SMA","Eccentricity"
"2025-12-14 07:01:12",135.8004,97.4844,315.2297,544.934,0.00119175
"2025-12-14 22:57:15",136.4463,97.4849,312.6062,544.933,0.00119161
"2025-12-15 08:30:53",136.8339,97.4849,311.2228,544.924,0.00118135
"2025-12-15 21:15:43",137.3506,97.485,309.363,544.909,0.0011743
"2025-12-16 08:24:57",137.8028,97.485,307.7216,544.898,0.00117068
"2025-12-16 22:45:23",138.3842,97.4851,305.5795,544.881,0.00116274
"2025-12-17 08:19:01",138.7718,97.4851,304.1273,544.872,0.00115781
"2025-12-17 11:30:13",138.901,97.4851,303.6283,544.869,0.00115539
"2025-12-17 21:03:50",139.2886,97.4852,302.1913,544.86,0.00115155
"2025-12-18 06:37:28",139.6762,97.4852,300.7259,544.849,0.00114887
"2025-12-18 14:35:29",139.9992,97.4853,299.481,544.843,0.0011454
"2025-12-18 22:33:30",140.3222,97.4853,298.2181,544.835,0.001143
"2025-12-19 06:31:31",140.6452,97.4853,296.9674,544.83,0.00114177
"2025-12-20 09:36:45",141.7434,97.4855,292.6192,544.807,0.0011383
"2025-12-20 20:45:58",142.1956,97.4855,290.8012,544.798,0.00113818
"2025-12-21 03:08:23",142.454,97.4855,289.757,544.794,0.0011395
"2025-12-21 09:30:47",142.7124,97.4855,288.7486,544.785,0.00114098
"2025-12-22 03:02:25",143.4229,97.4855,285.9228,544.762,0.00114494
"2025-12-22 09:24:49",143.6813,97.4855,284.9049,544.755,0.00114656
"2025-12-22 22:09:38",144.1981,97.4855,282.8307,544.74,0.00114949
"2025-12-23 04:32:02",144.4565,97.4854,281.7779,544.735,0.00114786
"2025-12-23 20:28:03",145.1024,97.4855,279.1752,544.716,0.00115193
"2025-12-24 04:26:03",145.4254,97.4855,277.8483,544.704,0.00115252
"2025-12-24 20:22:03",146.0713,97.4854,275.4051,544.684,0.00115889
"2025-12-25 04:20:03",146.3942,97.4854,274.0977,544.672,0.00115943
"2025-12-25 15:29:15",146.8464,97.4854,272.3492,544.656,0.00116133
"2025-12-25 21:51:39",147.1048,97.4853,271.3968,544.647,0.001165
"2025-12-26 05:49:38",147.4279,97.4854,270.097,544.635,0.00116575
"2025-12-26 15:23:14",147.8154,97.4853,268.6462,544.618,0.00116773
"2025-12-26 21:45:38",148.0738,97.4853,267.6783,544.604,0.00116854
"2025-12-27 05:43:37",148.3968,97.4853,266.3793,544.593,0.00116909
"2025-12-27 23:15:12",149.1074,97.4854,263.7427,544.557,0.00116925
"2025-12-28 07:13:11",149.4305,97.4854,262.5178,544.541,0.00116875
"2025-12-28 11:59:58",149.6243,97.4854,261.7882,544.532,0.0011681
"2025-12-28 18:22:22",149.8827,97.4854,260.8528,544.52,0.00116756
"2025-12-29 11:53:55",150.5934,97.4855,258.0383,544.477,0.00116336
"2025-12-30 07:01:04",151.3687,97.4856,255.3532,544.431,0.00116319
"2025-12-30 13:23:27",151.6273,97.4857,254.2003,544.418,0.00116106
"2025-12-30 14:59:02",151.692,97.4857,253.9732,544.416,0.00116171
"2025-12-31 06:54:59",152.3382,97.4857,251.3305,544.378,0.00115702
"2025-12-31 11:41:46",152.5321,97.4858,250.5466,544.366,0.00115483
"2025-12-31 21:15:19",152.9198,97.4859,249.0837,544.344,0.00115234
"2026-01-01 03:37:41",153.1782,97.4859,247.9343,544.332,0.00114867
"2026-01-01 14:46:50",153.6306,97.4861,246.088,544.302,0.00114621
"2026-01-01 22:44:48",153.9537,97.4861,244.8133,544.286,0.00114441
"2026-01-02 05:07:10",154.2122,97.4862,243.751,544.272,0.00114293
"2026-01-02 14:40:43",154.5998,97.4864,242.2102,544.251,0.00114084
"2026-01-02 22:38:40",154.923,97.4865,240.8218,544.235,0.00114027
"2026-01-03 05:01:02",155.1815,97.4865,239.7997,544.217,0.00113949
"2026-01-03 16:10:10",155.6339,97.4867,238.0293,544.198,0.00114113
"2026-01-03 20:56:56",155.8279,97.4867,237.2671,544.188,0.00114191
"2026-01-04 04:54:53",156.1512,97.4869,236.187,544.177,0.0011446
"2026-01-04 14:28:25",156.539,97.487,234.5227,544.162,0.00114562
"2026-01-04 22:26:22",156.8621,97.487,233.1815,544.149,0.00114703
"2026-01-05 03:13:08",157.0558,97.487,232.2811,544.141,0.00114822
"2026-01-05 15:57:51",157.5727,97.487,230.3504,544.114,0.00115084
"2026-01-06 07:53:43",158.2189,97.487,227.9886,544.095,0.001158
"2026-01-06 15:51:40",158.5419,97.487,226.8068,544.084,0.00116083
"2026-01-07 07:47:32",159.1881,97.4868,224.6425,544.068,0.00116913
"2026-01-07 22:07:49",159.7696,97.4867,222.5224,544.052,0.00117563
"2026-01-08 07:41:21",160.1573,97.4866,221.2236,544.033,0.0011799
"2026-01-08 15:39:17",160.4805,97.4866,220.2121,544.022,0.00118236
"2026-01-08 23:37:13",160.8035,97.4865,219.0531,544.019,0.00118675
"2026-01-09 15:33:04",161.4497,97.4864,216.8356,543.994,0.0011926
"2026-01-10 21:49:12",162.6775,97.4862,212.5802,543.957,0.00120261
"2026-01-11 07:22:43",163.0651,97.4862,211.2761,543.939,0.00120521
"2026-01-11 08:58:18",163.1297,97.4862,211.0094,543.937,0.0012064
"2026-01-11 23:18:33",163.7113,97.4862,209.018,543.918,0.00120971
"2026-01-12 07:16:29",164.0344,97.4863,207.853,543.908,0.0012118
"2026-01-12 21:36:44",164.6161,97.4864,205.5319,543.898,0.0012151
"2026-01-13 05:34:39",164.9393,97.4865,204.2981,543.885,0.00121671
"2026-01-13 15:08:09",165.3271,97.4866,202.8042,543.878,0.00122072
"2026-01-13 19:54:54",165.5209,97.4866,202.0594,543.873,0.00122173
"2026-01-14 02:17:14",165.7795,97.4867,201.0903,543.867,0.00122225
"2026-01-14 11:50:44",166.1673,97.4868,199.5664,543.858,0.00122507
"2026-01-14 22:59:49",166.6198,97.487,197.6727,543.851,0.00122852
"2026-01-15 11:44:29",167.1369,97.4872,195.6883,543.837,0.00123194
"2026-01-16 03:40:18",167.7832,97.4873,193.1701,543.823,0.0012355
"2026-01-16 11:38:13",168.1064,97.4874,192.0123,543.812,0.00123758
"2026-01-16 22:47:17",168.5588,97.4876,190.2134,543.795,0.00124046
"2026-01-17 03:34:02",168.7527,97.4876,189.3879,543.79,0.00124349
"2026-01-17 14:43:07",169.2051,97.4877,187.4835,543.78,0.0012473
"2026-01-17 21:05:26",169.4638,97.4877,186.4833,543.772,0.00124812
"2026-01-18 16:12:25",170.2394,97.4879,183.5228,543.749,0.00125438
"2026-01-18 22:34:44",170.4979,97.488,182.5541,543.741,0.00125682
"2026-01-19 04:57:03",170.7565,97.488,181.6494,543.729,0.00125768
"2026-01-19 16:06:07",171.209,97.4881,179.9267,543.717,0.00126244
"2026-01-19 20:52:51",171.4029,97.4881,179.2336,543.705,0.0012637
"2026-01-20 04:50:45",171.7261,97.4882,178.1116,543.672,0.00126554
"2026-01-20 22:22:07",172.4372,97.4883,175.6646,543.617,0.00127265
"2026-01-22 04:38:05",173.6653,97.4883,171.7764,543.54,0.00128301
"2026-01-22 20:33:51",174.3117,97.4883,169.7665,543.52,0.00128832
"2026-01-23 15:40:45",175.0874,97.4882,167.4393,543.483,0.0012908
"2026-01-23 20:27:29",175.2813,97.4882,166.8479,543.475,0.00129079
"2026-01-24 06:00:56",175.6692,97.4881,165.668,543.456,0.00129145
"2026-01-24 20:21:06",176.251,97.488,163.8538,543.432,0.00129352
"2026-01-25 07:30:07",176.7034,97.488,162.4515,543.406,0.00129511
"2026-01-25 15:27:59",177.0267,97.488,161.409,543.389,0.00129631
"2026-01-25 23:25:51",177.3498,97.4879,160.4866,543.373,0.00129483
"2026-01-26 07:23:43",177.673,97.4878,159.454,543.357,0.00129386
"2026-01-26 15:21:35",177.9963,97.4879,158.4039,543.339,0.00129584
"2026-01-26 21:43:52",178.2548,97.4879,157.5149,543.325,0.00129689
"2026-01-27 15:15:10",178.966,97.488,155.034,543.285,0.00129965
"2026-01-27 20:01:52",179.1599,97.4881,154.3588,543.274,0.00130103
"2026-01-28 21:31:00",180.1946,97.4883,150.7182,543.217,0.00130801
"2026-01-30 03:46:49",181.4232,97.4886,146.3975,543.15,0.0013201
"2026-01-30 22:53:38",182.1993,97.4889,143.5191,543.121,0.00133068
"2026-01-31 06:51:28",182.5227,97.489,142.3039,543.109,0.00133496
"2026-01-31 10:02:36",182.652,97.489,141.8197,543.104,0.0013362
"2026-02-01 03:33:51",183.3634,97.4893,139.3141,543.081,0.0013472
"2026-02-01 22:40:39",184.1392,97.4896,136.633,543.053,0.00135466
"2026-02-02 05:02:55",184.3979,97.4897,135.7224,543.042,0.00135704
"2026-02-02 09:49:36",184.592,97.4898,135.0681,543.035,0.00135719
"2026-02-03 04:56:24",185.3679,97.4901,132.5129,543,0.00136257
"2026-02-03 14:29:47",185.7559,97.4902,131.2206,542.984,0.0013658
"2026-02-04 01:38:44",186.2086,97.4904,129.7627,542.965,0.00136797
"2026-02-05 04:43:20",187.3082,97.4905,126.1653,542.915,0.00137191
"2026-02-05 15:52:16",187.7608,97.4905,124.7598,542.887,0.00137233
"2026-02-05 22:14:31",188.0195,97.4905,124.0223,542.879,0.00137279
"2026-02-06 04:36:46",188.2781,97.4904,123.2045,542.87,0.00137244
"2026-02-06 12:34:35",188.6015,97.4903,122.2568,542.858,0.00137175
"2026-02-06 18:56:50",188.8601,97.4903,121.4536,542.85,0.00137045
"2026-02-07 07:41:20",189.3774,97.4902,119.8965,542.83,0.00136692
"2026-02-07 12:28:01",189.5714,97.4901,119.3631,542.824,0.0013667
"2026-02-07 20:25:50",189.8948,97.4901,118.3245,542.813,0.0013639
"2026-02-08 04:23:38",190.2182,97.4901,117.3394,542.807,0.00136289
"2026-02-08 12:21:26",190.5415,97.49,116.318,542.795,0.00136173
"2026-02-08 20:19:15",190.8649,97.49,115.3002,542.787,0.00135941
"2026-02-09 04:17:03",191.1881,97.49,114.332,542.776,0.00135912
"2026-02-09 13:50:25",191.5762,97.49,113.0577,542.762,0.00135733
"2026-02-09 20:12:39",191.8349,97.49,112.3367,542.749,0.00135594
"2026-02-10 07:21:34",192.2876,97.4901,110.8394,542.735,0.00135591
"2026-02-10 15:19:22",192.6109,97.4901,109.7451,542.723,0.00135529
"2026-02-10 21:41:36",192.8696,97.4903,108.9633,542.714,0.00135679
"2026-02-11 07:14:58",193.2577,97.4903,107.6439,542.694,0.00135415
"2026-02-11 12:01:38",193.4517,97.4903,106.9749,542.687,0.00135318
"2026-02-11 21:34:59",193.8399,97.4904,105.7133,542.673,0.00135291
"2026-02-12 03:57:13",194.0986,97.4905,104.9242,542.662,0.00135552
"2026-02-12 15:06:08",194.5514,97.4906,103.3964,542.646,0.00135837
"2026-02-12 21:28:22",194.8102,97.4907,102.5541,542.636,0.00135925
"2026-02-13 21:21:43",195.7805,97.4909,99.3912,542.6,0.00136661
"2026-02-14 05:19:30",196.1041,97.4911,98.414,542.588,0.00136748
"2026-02-14 21:15:04",196.751,97.4913,96.3226,542.573,0.00137562
"2026-02-15 09:59:31",197.2685,97.4915,94.6554,542.543,0.00138241
"2026-02-15 22:43:58",197.786,97.4917,92.9731,542.53,0.00138632
"2026-02-16 05:06:11",198.0447,97.4918,92.2012,542.522,0.00138896
"2026-02-16 09:52:51",198.2389,97.4917,91.5215,542.515,0.00139208
"2026-02-17 04:59:31",199.0151,97.4919,89.2353,542.49,0.00139807
"2026-02-17 09:46:11",199.209,97.492,88.7415,542.483,0.0013983
"2026-02-17 20:55:04",199.662,97.4922,87.172,542.473,0.00139566
"2026-02-18 04:52:50",199.9856,97.4923,86.0867,542.464,0.00139483
"2026-02-18 09:39:30",200.1796,97.4924,85.4551,542.458,0.00139463
"2026-02-19 03:10:35",200.8913,97.4925,83.3049,542.441,0.00139063
"2026-02-19 09:32:48",201.1501,97.4925,82.4267,542.432,0.00138968
"2026-02-19 20:41:40",201.603,97.4926,81.0038,542.421,0.00138782
"2026-02-20 04:39:26",201.9265,97.4926,79.9726,542.414,0.00138584
"2026-02-20 20:34:58",202.5734,97.4927,77.9976,542.396,0.00138117
"2026-02-21 06:08:17",202.9615,97.4927,76.7725,542.385,0.00137784
"2026-02-21 10:54:56",203.1556,97.4927,76.1632,542.38,0.00137604
"2026-02-22 21:57:05",204.5788,97.4925,71.5021,542.335,0.0013579
"2026-02-23 07:30:23",204.967,97.4925,70.2715,542.322,0.00135558
"2026-02-23 12:17:02",205.1611,97.4925,69.6215,542.315,0.0013543
"2026-02-24 07:23:39",205.9376,97.4925,66.9804,542.291,0.00134534
"2026-02-24 15:21:24",206.2611,97.4925,65.8512,542.282,0.00134279
"2026-02-25 04:05:48",206.7788,97.4926,64.0113,542.267,0.0013402
"2026-02-25 07:16:54",206.9083,97.4927,63.6517,542.259,0.00134041
"2026-02-25 08:52:27",206.973,97.4927,63.4252,542.256,0.0013404
"2026-02-25 15:14:39",207.2319,97.4927,62.5058,542.25,0.00134029
"2026-02-25 15:14:39",207.2319,97.4927,62.5058,542.25,0.0013403
"2026-02-25 20:01:18",207.426,97.4928,61.8544,542.242,0.0013388
"2026-02-26 05:34:36",207.8143,97.493,60.6386,542.226,0.00133912
"2026-02-26 08:45:42",207.9438,97.493,60.247,542.222,0.0013384
"2026-02-26 08:45:42",207.9438,97.493,60.247,542.222,0.00133835
"2026-02-26 19:54:32",208.3968,97.4931,58.874,542.204,0.00133777
"2026-02-26 19:54:32",208.3968,97.4931,58.874,542.204,0.0013378
"2026-02-27 03:52:17",208.7203,97.4931,57.9279,542.192,0.0013358
"2026-02-27 03:52:17",208.7203,97.4931,57.9279,542.192,0.00133581
"2026-02-27 08:38:55",208.9144,97.4932,57.3603,542.183,0.0013362
"2026-02-27 22:58:51",209.497,97.4933,55.5126,542.16,0.00133637
"2026-02-28 03:45:30",209.6912,97.4934,54.8793,542.154,0.0013369
"2026-02-28 05:21:03",209.7559,97.4934,54.7427,542.152,0.00133657
"2026-02-28 08:32:08",209.8854,97.4934,54.3463,542.147,0.0013372
"2026-02-28 22:52:04",210.4679,97.4936,52.5615,542.123,0.0013375
"2026-02-28 22:52:04",210.4679,97.4936,52.5615,542.123,0.00133751
"2026-03-01 06:49:48",210.7915,97.4938,51.6112,542.109,0.0013374
"2026-03-01 10:00:54",210.921,97.4938,51.2203,542.104,0.0013377
"2026-03-01 22:45:16",211.4388,97.494,49.5465,542.085,0.00133575
"2026-03-02 03:31:54",211.633,97.4941,48.9104,542.077,0.0013363
"2026-03-02 09:54:05",211.8919,97.4942,48.146,542.066,0.0013381
"2026-03-02 09:54:05",211.8919,97.4942,48.146,542.066,0.00133811
"2026-03-02 16:16:16",212.1508,97.4942,47.3553,542.057,0.0013374
"2026-03-02 22:38:27",212.4098,97.4945,46.5846,542.047,0.0013368
"2026-03-02 22:38:27",212.4098,97.4945,46.5846,542.047,0.00133683
"2026-03-03 09:47:16",212.8628,97.4946,45.173,542.028,0.00133568
"2026-03-03 09:47:16",212.8628,97.4946,45.173,542.028,0.0013357
"2026-03-04 09:40:26",213.8334,97.4949,42.0513,541.979,0.0013311
"2026-03-04 09:40:26",213.8334,97.4949,42.0513,541.979,0.00133111
"2026-03-05 03:11:25",214.5455,97.4952,39.7784,541.957,0.0013249
"2026-03-05 04:46:58",214.6103,97.4952,39.5295,541.953,0.00132387
"2026-03-05 15:55:46",215.0633,97.4953,38.0376,541.935,0.0013206
"2026-03-05 15:55:46",215.0633,97.4953,38.0376,541.935,0.00132061
"2026-03-05 22:17:56",215.3222,97.4954,37.0792,541.93,0.00131674
"2026-03-05 23:53:29",215.3869,97.4954,36.8579,541.928,0.00131638
"2026-03-06 15:48:54",216.0342,97.4954,34.4433,541.9,0.00130931
"2026-03-06 23:46:37",216.3577,97.4952,33.1293,541.893,0.0013044
"2026-03-07 07:44:19",216.6814,97.4953,31.9651,541.873,0.00130061
"2026-03-07 09:19:52",216.7461,97.4953,31.7365,541.871,0.0013002
"2026-03-07 15:42:02",217.005,97.4953,30.72,541.864,0.00129681
"2026-03-07 20:28:39",217.1992,97.4955,30.371,541.852,0.0012967
"2026-03-07 20:28:39",217.1992,97.4955,30.371,541.852,0.00129673
"2026-03-07 23:39:44",217.3286,97.4954,29.8747,541.846,0.0012954
"2026-03-08 09:12:59",217.717,97.4955,28.4492,541.83,0.00129056
"2026-03-08 09:12:59",217.717,97.4955,28.4492,541.83,0.0012906
"2026-03-08 21:57:19",218.2347,97.4954,26.5244,541.814,0.0012828
"2026-03-09 09:06:06",218.6878,97.4953,24.8912,541.8,0.0012786
"2026-03-09 15:28:15",218.9467,97.4954,23.8859,541.79,0.0012753
"2026-03-09 20:14:52",219.1409,97.4954,23.1815,541.781,0.0012734
"2026-03-09 23:25:57",219.2703,97.4953,22.7159,541.777,0.0012713
"2026-03-09 23:25:57",219.2703,97.4953,22.7159,541.777,0.00127133
"2026-03-10 05:48:07",219.5293,97.4954,21.8018,541.764,0.00126953
"2026-03-10 08:59:11",219.6587,97.4954,21.3054,541.758,0.0012684
"2026-03-10 18:32:26",220.0474,97.4956,19.842,541.746,0.0012675
"2026-03-10 21:43:30",220.1768,97.4956,19.3668,541.741,0.00126643
"2026-03-10 23:19:03",220.2415,97.4956,19.1311,541.738,0.0012658
"2026-03-11 05:41:12",220.5005,97.4956,18.2807,541.728,0.00126266
"2026-03-11 08:52:17",220.63,97.4956,17.8597,541.723,0.0012621
"2026-03-11 23:12:07",221.2127,97.4957,15.7727,541.703,0.00125823
"2026-03-12 03:58:44",221.4069,97.4958,15.1148,541.693,0.001257
"2026-03-12 03:58:44",221.4069,97.4958,15.1148,541.693,0.00125697
"2026-03-12 08:45:21",221.6011,97.4958,14.5124,541.685,0.00125598
"2026-03-12 08:45:21",221.6011,97.4958,14.5124,541.685,0.001256
"2026-03-12 19:54:07",222.0543,97.4959,12.9981,541.667,0.0012527
"2026-03-12 19:54:07",222.0543,97.4959,12.9981,541.667,0.00125271
"2026-03-13 08:38:25",222.5723,97.496,11.355,541.652,0.00124903
"2026-03-13 22:58:15",223.1551,97.496,9.5703,541.628,0.00124428
"2026-03-14 08:31:28",223.5436,97.4961,8.4286,541.612,0.00124197
"2026-03-14 21:15:45",224.0616,97.4962,6.7868,541.59,0.00123607
"2026-03-15 06:48:58",224.4501,97.4963,5.6316,541.577,0.0012343
"2026-03-15 10:00:02",224.5797,97.4963,5.2205,541.573,0.00123509
"2026-03-15 22:44:19",225.0978,97.4964,3.4301,541.562,0.00122955
"2026-03-16 03:30:56",225.2921,97.4964,2.8157,541.553,0.00122839
"2026-03-16 21:01:49",226.0043,97.4968,0.5498,541.536,0.0012225
"2026-03-17 03:23:57",226.2632,97.497,359.6069,541.53,0.0012208
"2026-03-17 03:23:57",226.2632,97.497,359.6069,541.53,0.00122078
"2026-03-17 09:46:05",226.5222,97.4971,358.7551,541.526,0.00121816
"2026-03-17 22:30:22",227.0403,97.4973,356.9557,541.515,0.00121291
"2026-03-18 04:52:30",227.2994,97.4973,356.0667,541.508,0.00121039
"2026-03-18 09:39:06",227.4937,97.4974,355.3675,541.503,0.00120869
"2026-03-18 09:39:06",227.4937,97.4974,355.3675,541.503,0.0012087
"2026-03-18 20:47:51",227.9468,97.4975,353.8263,541.491,0.0012039
"2026-03-18 22:23:23",228.0117,97.4976,353.5581,541.492,0.00120285
"2026-03-19 03:09:59",228.206,97.4977,352.7786,541.488,0.00120152
"2026-03-19 20:40:51",228.9182,97.4978,349.9533,541.475,0.0011975
"2026-03-19 22:16:23",228.983,97.4978,349.7003,541.474,0.00119704
"2026-03-19 23:51:55",229.0477,97.4978,349.4482,541.472,0.0011966
"2026-03-19 23:51:55",229.0477,97.4978,349.4482,541.472,0.00119656
"2026-03-20 09:25:07",229.4363,97.4979,347.9644,541.47,0.0011939
"2026-03-20 09:25:07",229.4363,97.4979,347.9644,541.47,0.00119391
"2026-03-20 20:33:51",229.8896,97.498,346.2316,541.458,0.0011897
"2026-03-20 20:33:51",229.8896,97.498,346.2316,541.458,0.00118972
"2026-03-21 02:55:59",230.1486,97.498,345.2197,541.449,0.00118814
"2026-03-21 09:18:07",230.4076,97.4981,344.1836,541.438,0.00118505
"2026-03-21 22:02:23",230.9256,97.498,342.0086,541.424,0.00118216
"2026-03-22 02:48:59",231.1199,97.498,341.1342,541.419,0.00118224
"2026-03-22 20:19:50",231.8322,97.4981,338.3041,541.397,0.00117837
"2026-03-23 09:04:05",232.3502,97.4982,336.1851,541.379,0.0011748
"2026-03-23 09:04:05",232.3502,97.4982,336.1851,541.379,0.00117481
"2026-03-24 07:21:31",233.2569,97.4983,332.6231,541.352,0.00116941
"2026-03-24 08:57:03",233.3217,97.4984,332.436,541.35,0.0011688
"2026-03-24 23:16:50",233.9046,97.4985,330.2617,541.332,0.00116499
"2026-03-25 15:12:08",234.5524,97.4987,327.7981,541.309,0.00116168
"2026-03-25 15:12:08",234.5524,97.4987,327.7981,541.309,0.0011617
"2026-03-25 21:34:15",234.8115,97.4987,326.8498,541.303,0.00116003
"2026-03-26 03:56:22",235.0706,97.4988,325.9505,541.294,0.0011584
"2026-03-26 07:07:26",235.2003,97.499,325.4622,541.289,0.00115848
"2026-03-26 08:42:58",235.2651,97.499,325.2547,541.287,0.0011583
"2026-03-26 21:27:12",235.7833,97.4991,323.3904,541.267,0.0011536
"2026-03-26 23:02:43",235.8481,97.4992,323.132,541.264,0.00115269
"2026-03-27 03:49:19",236.0425,97.4992,322.5292,541.262,0.0011535
"2026-03-27 07:00:22",236.1721,97.4993,322.0998,541.257,0.00115268
"2026-03-27 08:35:54",236.2368,97.4992,321.8546,541.255,0.00115248
"2026-03-27 16:33:33",236.5608,97.4993,320.6948,541.245,0.0011487
"2026-03-27 21:20:08",236.7551,97.4994,320.0204,541.237,0.00114656
"2026-03-27 22:55:39",236.8199,97.4994,319.8323,541.234,0.0011452
"2026-03-28 06:53:18",237.1439,97.4994,318.6848,541.22,0.00114238
"2026-03-28 08:28:50",237.2086,97.4994,318.4578,541.218,0.0011415
"2026-03-28 16:26:28",237.5326,97.4996,317.2901,541.206,0.0011372
"2026-03-28 21:13:03",237.727,97.4996,316.6083,541.197,0.00113483
"2026-03-29 03:35:10",237.9861,97.4996,315.7234,541.182,0.0011303
"2026-03-30 03:28:04",238.9579,97.4998,312.2429,541.144,0.0011186
"2026-03-30 05:03:36",239.0227,97.4997,311.9769,541.142,0.00111858
"2026-03-30 09:50:11",239.217,97.4998,311.2461,541.133,0.00111759
"2026-03-30 09:50:11",239.217,97.4998,311.2461,541.133,0.0011176
"2026-03-30 20:58:52",239.6706,97.4998,309.5416,541.113,0.00111235
"2026-03-31 03:20:58",239.9297,97.4999,308.5604,541.103,0.0011093
"2026-03-31 04:56:29",239.9945,97.4999,308.3038,541.104,0.00110857
"2026-03-31 08:07:33",240.124,97.5,307.8513,541.099,0.0011068
"2026-03-31 08:07:33",240.124,97.5,307.8513,541.099,0.00110681
"2026-03-31 20:51:45",240.6422,97.5,305.9092,541.079,0.0011024
"2026-04-01 03:13:51",240.9015,97.5001,304.8929,541.069,0.00110046
"2026-04-01 03:13:51",240.9015,97.5001,304.8929,541.069,0.0011005
"2026-04-01 09:35:57",241.1606,97.5002,303.8357,541.067,0.0010996
"2026-04-01 20:44:37",241.614,97.5003,302.0206,541.048,0.001099
"2026-04-01 22:20:09",241.6788,97.5004,301.75,541.046,0.00109927
"2026-04-01 22:20:09",241.6788,97.5004,301.75,541.046,0.0010993
"2026-04-02 07:53:18",242.0675,97.5005,300.1906,541.025,0.00109899
"2026-04-02 15:50:55",242.3914,97.5004,298.7922,541.016,0.001103
"2026-04-02 15:50:55",242.3914,97.5004,298.7922,541.016,0.00110304
"2026-04-02 22:13:01",242.6505,97.5005,297.7623,540.991,0.0011037
"2026-04-03 07:46:09",243.0392,97.5006,296.1579,540.976,0.00110338
"2026-04-03 09:21:40",243.104,97.5006,295.9164,540.973,0.0011027
"2026-04-03 15:43:46",243.3631,97.5006,294.8293,540.963,0.0011036
"2026-04-03 15:43:46",243.3632,97.5006,294.8294,540.963,0.00110361
"2026-04-03 22:05:51",243.6223,97.5007,293.8146,540.946,0.00110343
"2026-04-04 15:36:36",244.3349,97.5009,290.8583,540.919,0.00110846
"2026-04-04 20:23:10",244.5292,97.5009,290.0252,540.915,0.001111
"2026-04-04 21:58:41",244.594,97.5009,289.7546,540.912,0.00111188
"2026-04-04 23:34:13",244.6587,97.5007,289.5044,540.91,0.00111283
"2026-04-05 09:07:21",245.0474,97.5006,287.9805,540.894,0.0011166
"2026-04-05 09:07:21",245.0474,97.5006,287.9805,540.894,0.00111661
"2026-04-05 20:16:00",245.5009,97.5008,286.1891,540.878,0.0011169
"2026-04-05 21:51:31",245.5657,97.5008,285.9278,540.876,0.00111738
"2026-04-05 23:27:02",245.6305,97.5008,285.6723,540.874,0.00111818
"2026-04-06 21:44:20",246.5376,97.5011,282.093,540.844,0.00112147
"2026-04-07 04:06:25",246.7967,97.5012,280.9624,540.836,0.00112179
"2026-04-07 04:06:25",246.7967,97.5012,280.9624,540.836,0.0011218
"2026-04-07 20:01:37",247.4447,97.5014,278.4498,540.819,0.0011235
"2026-04-07 21:37:08",247.5095,97.5015,278.214,540.817,0.00112312
"2026-04-08 03:59:13",247.7687,97.5016,277.1948,540.808,0.0011209
"2026-04-08 03:59:13",247.7687,97.5016,277.1948,540.808,0.00112087
"2026-04-08 08:45:46",247.963,97.5016,276.4275,540.802,0.00111915
"2026-04-08 21:29:56",248.4815,97.5017,274.4143,540.79,0.00111851
"2026-04-08 23:05:27",248.5464,97.5017,274.2563,540.789,0.0011164
"2026-04-09 07:03:03",248.8704,97.5017,273.0222,540.775,0.00111572
"2026-04-09 08:38:34",248.9352,97.5017,272.765,540.773,0.00111562
"2026-04-10 03:44:47",249.7129,97.5019,269.727,540.748,0.0011112
"2026-04-10 05:20:19",249.7779,97.5023,269.4768,540.746,0.00111104
"2026-04-10 08:31:21",249.9075,97.5024,269.0362,540.742,0.0011108
"2026-04-11 03:37:34",250.6853,97.5025,265.9494,540.728,0.0011052
"2026-04-11 03:37:34",250.6853,97.5025,265.9494,540.728,0.00110523
"2026-04-11 09:59:38",250.9446,97.5025,264.9512,540.719,0.0011049
"2026-04-11 16:21:43",251.2039,97.5026,263.9038,540.713,0.0011034
"2026-04-11 21:08:16",251.3983,97.5026,263.0841,540.71,0.0011017
"2026-04-11 21:08:16",251.3983,97.5026,263.0842,540.71,0.00110174
"2026-04-12 21:01:02",252.3706,97.5026,259.1059,540.694,0.0010979
"2026-04-12 21:01:02",252.3706,97.5026,259.1059,540.694,0.00109787
"2026-04-13 03:23:06",252.6299,97.5025,258.0048,540.69,0.00109804
"2026-04-13 20:53:47",253.3429,97.5025,255.0905,540.68,0.00109746
"2026-04-14 04:51:23",253.667,97.5026,253.8862,540.678,0.0011006
"2026-04-14 04:51:23",253.667,97.5026,253.8862,540.678,0.00110062
"2026-04-14 09:37:56",253.8614,97.5026,253.122,540.675,0.0011014
"2026-04-14 09:37:56",253.8614,97.5026,253.122,540.675,0.0011014
"2026-04-14 20:46:33",254.3151,97.5027,251.3254,540.668,0.0011012
"2026-04-14 20:46:33",254.3151,97.5027,251.3254,540.668,0.00110123
"2026-04-15 03:08:37",254.5743,97.5027,250.2872,540.668,0.0011025
"2026-04-15 03:08:37",254.5743,97.5027,250.2872,540.668,0.00110254
"2026-04-15 09:30:41",254.8336,97.5027,249.2747,540.665,0.001104
"2026-04-15 09:30:41",254.8336,97.5027,249.2747,540.665,0.00110397
"2026-04-15 20:39:18",255.2872,97.5028,247.527,540.658,0.001107
"2026-04-15 22:14:49",255.352,97.5028,247.2693,540.658,0.00110717
"2026-04-16 15:45:30",256.0649,97.5029,244.556,540.648,0.0011124
"2026-04-16 15:45:30",256.0649,97.5029,244.556,540.648,0.00111242
"2026-04-17 04:29:38",256.5834,97.5031,242.5954,540.643,0.00111775
"2026-04-17 20:24:48",257.2315,97.5033,240.1366,540.632,0.00112413
"2026-04-18 04:22:23",257.5556,97.5033,238.9351,540.63,0.00112698
"2026-04-18 20:17:33",258.2037,97.5035,236.4877,540.616,0.0011333
"2026-04-18 20:17:33",258.2037,97.5035,236.4877,540.616,0.00113327
"2026-04-19 20:10:17",259.176,97.5039,232.8803,540.597,0.0011421
"2026-04-19 20:10:17",259.176,97.5039,232.8803,540.597,0.00114215
"2026-04-20 04:07:52",259.5,97.504,231.6909,540.595,0.0011467
"2026-04-20 04:07:52",259.5,97.504,231.691,540.595,0.00114675
"2026-04-20 08:54:24",259.6945,97.5041,230.9905,540.591,0.0011473
"2026-04-20 08:54:24",259.6945,97.5041,230.9905,540.591,0.00114733
"2026-04-21 08:47:08",260.6667,97.5046,227.2172,540.561,0.0011543
"2026-04-21 08:47:08",260.6667,97.5046,227.2172,540.561,0.00115428
"2026-04-21 16:44:42",260.991,97.5046,225.995,540.557,0.0011538
"2026-04-21 21:31:15",261.1855,97.5046,225.2437,540.551,0.00115526
"2026-04-21 21:31:15",261.1855,97.5046,225.2437,540.551,0.0011553
"2026-04-22 05:28:49",261.5096,97.5046,224.0171,540.544,0.00115721
"2026-04-22 08:39:51",261.6392,97.5046,223.5082,540.541,0.00115814
"2026-04-22 21:23:58",262.1579,97.5049,221.5325,540.529,0.00116045
"2026-04-23 03:46:01",262.4172,97.5049,220.5333,540.524,0.00116176
"2026-04-23 03:46:01",262.4172,97.5049,220.5332,540.524,0.0011618
"2026-04-23 08:32:34",262.6118,97.5049,219.7783,540.519,0.00116233
"2026-04-23 16:30:08",262.9359,97.5051,218.504,540.51,0.00116394
"2026-04-23 22:52:11",263.1952,97.5051,217.4583,540.504,0.0011651
"2026-04-24 06:49:45",263.5195,97.5051,216.2254,540.495,0.00116677
"2026-04-24 08:25:16",263.5843,97.5051,216.0009,540.494,0.001167
"2026-04-24 22:44:53",264.1679,97.5052,213.5973,540.477,0.00116846
"2026-04-25 03:31:26",264.3624,97.5051,212.7976,540.468,0.0011696
"2026-04-25 05:06:57",264.4272,97.5051,212.5366,540.465,0.00116979
"2026-04-25 09:53:29",264.6218,97.5051,211.7564,540.46,0.0011708
"2026-04-25 22:37:35",265.1405,97.5052,209.7203,540.443,0.0011737
"2026-04-26 09:46:10",265.5944,97.5051,207.9251,540.43,0.0011761
"2026-04-26 09:46:10",265.5944,97.5051,207.9251,540.43,0.00117608
"2026-04-26 16:08:13",265.8537,97.5051,206.9151,540.422,0.0011775
"2026-04-26 22:30:16",266.1131,97.5051,205.8966,540.417,0.00117936
"2026-04-27 03:16:48",266.3076,97.5051,205.1611,540.407,0.0011806
"2026-04-27 03:16:48",266.3076,97.5051,205.1611,540.407,0.00118059
"2026-04-27 09:38:51",266.5669,97.5051,204.1838,540.399,0.0011824
"2026-04-27 16:00:54",266.8263,97.5051,203.1798,540.396,0.0011849
"2026-04-27 22:22:56",267.0856,97.5051,202.2699,540.385,0.0011873
"2026-04-28 04:44:59",267.3449,97.5051,201.3108,540.381,0.0011898
"2026-04-28 04:44:59",267.3449,97.5051,201.3108,540.381,0.00118975
"2026-04-28 09:31:31",267.5394,97.5051,200.6296,540.375,0.0011915
"2026-04-28 20:40:06",267.9933,97.5051,199.0499,540.364,0.0011962
"2026-04-28 22:15:36",268.0581,97.5051,198.8327,540.362,0.00119687
"2026-04-28 23:51:07",268.1229,97.5051,198.6109,540.361,0.0011976
"2026-04-28 23:51:07",268.1229,97.5051,198.6109,540.361,0.00119762
"2026-04-29 09:24:11",268.5119,97.505,197.3433,540.352,0.0012015
"2026-04-29 09:24:11",268.512,97.505,197.3433,540.352,0.0012015
"2026-04-29 20:32:45",268.9658,97.5051,195.8606,540.338,0.0012068
"2026-04-29 22:08:16",269.0306,97.5051,195.66,540.337,0.0012075
"2026-04-30 04:30:18",269.29,97.5051,194.8347,540.332,0.0012111
"2026-04-30 04:30:18",269.29,97.5051,194.8347,540.332,0.00121105
"2026-04-30 09:16:50",269.4845,97.5052,194.1802,540.327,0.0012124
"2026-04-30 09:16:50",269.4845,97.5052,194.1802,540.327,0.00121237
"2026-04-30 20:25:24",269.9383,97.5053,192.7527,540.314,0.0012181
"2026-05-01 09:09:29",270.457,97.5053,191.0975,540.295,0.0012211
"2026-05-01 20:18:03",270.9107,97.5055,189.6305,540.288,0.0012278
"2026-05-01 20:18:03",270.9107,97.5055,189.6305,540.288,0.00122785
"2026-05-01 21:53:33",270.9755,97.5055,189.4296,540.286,0.0012285
"2026-05-02 09:02:07",271.4293,97.5057,187.9275,540.271,0.0012305
"2026-05-02 09:02:07",271.4294,97.5057,187.9275,540.271,0.00123053
"2026-05-02 21:46:11",271.948,97.5059,186.2035,540.255,0.0012355
"2026-05-03 04:08:13",272.2073,97.506,185.3738,540.245,0.0012378
"2026-05-03 04:08:13",272.2073,97.506,185.3738,540.245,0.0012378
"2026-05-03 08:54:45",272.4018,97.5061,184.7669,540.238,0.0012394
"2026-05-03 08:54:45",272.4018,97.5061,184.767,540.238,0.00123944
"2026-05-03 21:38:49",272.9205,97.5063,183.0209,540.223,0.00124435
"2026-05-04 04:00:51",273.1798,97.5064,182.1268,540.217,0.0012467
"2026-05-04 10:22:52",273.4391,97.5066,181.2644,540.21,0.0012492
"2026-05-04 10:22:52",273.4392,97.5066,181.2644,540.21,0.00124916
"2026-05-04 16:44:54",273.6987,97.5068,180.3028,540.2,0.0012482
"2026-05-04 23:06:56",273.9581,97.5068,179.272,540.192,0.0012501
"2026-05-05 07:04:28",274.2823,97.5069,178.136,540.172,0.00125163
"2026-05-05 10:15:29",274.412,97.5069,177.7114,540.167,0.0012528
"2026-05-05 10:15:29",274.412,97.5069,177.7114,540.167,0.00125281
"2026-05-06 10:08:05",275.3848,97.5074,174.1456,540.144,0.0012601
"2026-05-06 10:08:05",275.3848,97.5074,174.1456,540.144,0.00126011
"2026-05-06 22:52:08",275.9037,97.5075,172.3353,540.131,0.00126532
"2026-05-07 03:38:39",276.0983,97.5075,171.6558,540.126,0.00126838
"2026-05-07 03:38:39",276.0983,97.5075,171.6558,540.126,0.0012684
"2026-05-07 08:25:10",276.2929,97.5076,170.8049,540.123,0.0012697
"2026-05-07 21:09:12",276.8118,97.5077,168.883,540.111,0.00127575
"2026-05-07 22:44:43",276.8767,97.5077,168.6468,540.109,0.0012765
"2026-05-08 06:42:14",277.201,97.5077,167.4633,540.103,0.00127999
"2026-05-08 17:50:47",277.6551,97.5077,165.6825,540.092,0.0012839
"2026-05-08 21:01:47",277.7847,97.5077,165.1941,540.088,0.0012858
"2026-05-08 22:37:18",277.8496,97.5077,164.9728,540.087,0.0012866
"2026-05-09 03:23:49",278.0442,97.5077,164.2618,540.085,0.0012894
"2026-05-09 04:59:19",278.109,97.5077,164.0492,540.084,0.00128916
"2026-05-09 11:21:20",278.3684,97.5077,163.1436,540.081,0.001292
"2026-05-09 19:18:51",278.6927,97.5076,162.1729,540.076,0.0012935
"2026-05-09 22:29:52",278.8225,97.5076,161.7485,540.074,0.00129477
"2026-05-10 04:51:53",279.0819,97.5075,160.8631,540.071,0.0012971
"2026-05-10 04:51:53",279.0819,97.5075,160.8631,540.071,0.00129707
"2026-05-10 09:38:24",279.2765,97.5075,160.2138,540.068,0.0012984
"2026-05-10 20:46:56",279.7305,97.5074,158.6888,540.06,0.0013025
"2026-05-11 03:08:57",279.99,97.5074,157.8256,540.056,0.0013045
"2026-05-11 03:08:57",279.99,97.5074,157.8256,540.056,0.00130452
"2026-05-11 11:06:28",280.3143,97.5073,156.7915,540.052,0.0013068
"2026-05-11 11:06:28",280.3143,97.5073,156.7915,540.052,0.00130679
"2026-05-11 15:52:59",280.5088,97.5073,156.1574,540.049,0.0013085
"2026-05-11 20:39:30",280.7034,97.5073,155.5158,540.046,0.0013099
"2026-05-11 22:15:00",280.7683,97.5073,155.3219,540.046,0.0013103
"2026-05-11 22:15:00",280.7683,97.5073,155.3219,540.046,0.00131033
"2026-05-12 15:45:33",281.4817,97.5072,153.0395,540.036,0.0013152
"2026-05-12 17:21:03",281.5466,97.5072,152.8367,540.035,0.0013156
"2026-05-12 22:07:34",281.7411,97.5071,152.2175,540.033,0.00131736
"2026-05-12 23:43:04",281.806,97.5071,152.0156,540.032,0.0013178
"2026-05-13 04:29:35",282.0006,97.5071,151.4326,540.031,0.0013186
"2026-05-13 09:16:05",282.1951,97.5071,150.819,540.028,0.0013192
"2026-05-13 20:24:37",282.6491,97.5071,149.4192,540.022,0.0013222
"2026-05-13 20:24:37",282.6491,97.5071,149.4192,540.022,0.00132221
"2026-05-14 02:46:38",282.9085,97.5071,148.5866,540.018,0.0013236
"2026-05-14 07:33:09",283.1031,97.5071,147.995,540.016,0.00132393
"2026-05-14 09:08:39",283.1679,97.5071,147.8034,540.015,0.00132414
"2026-05-15 07:25:42",284.0759,97.5073,145.0465,540.007,0.00132844
"2026-05-16 07:18:15",285.0487,97.5076,141.9642,539.988,0.00133283
"2026-05-16 08:53:45",285.1135,97.5076,141.7449,539.987,0.001334
"2026-05-16 10:29:15",285.1784,97.5077,141.5399,539.985,0.0013346
"2026-05-16 10:29:15",285.1784,97.5077,141.5399,539.985,0.00133462
"2026-05-16 15:15:46",285.3729,97.5077,140.9441,539.983,0.0013363
"2026-05-16 15:15:46",285.3729,97.5077,140.9441,539.983,0.00133631
"2026-05-17 07:10:48",286.0215,97.508,138.8522,539.973,0.0013394
"2026-05-17 15:08:18",286.3459,97.5082,137.7918,539.967,0.00134064
"2026-05-17 19:54:49",286.5403,97.5083,137.1705,539.961,0.0013425
"2026-05-18 03:52:20",286.8648,97.5084,136.1261,539.957,0.0013481
"2026-05-18 08:38:50",287.0593,97.5085,135.4883,539.953,0.0013495
"2026-05-18 19:47:21",287.5134,97.5088,133.9812,539.943,0.0013538
"2026-05-18 19:47:21",287.5134,97.5088,133.9812,539.943,0.00135378
"2026-05-19 05:20:22",287.9025,97.5088,132.7168,539.937,0.00135454
"2026-05-19 08:31:22",288.0323,97.5089,132.3145,539.935,0.0013549
"2026-05-19 22:50:53",288.6161,97.5091,130.3549,539.921,0.0013606
"2026-05-20 05:12:53",288.8756,97.5092,129.5065,539.917,0.0013629
"2026-05-20 06:48:23",288.9405,97.5092,129.3054,539.916,0.00136338
"2026-05-20 08:23:53",289.0053,97.5092,129.1054,539.914,0.00136376
"2026-05-20 08:23:53",289.0053,97.5092,129.1054,539.914,0.0013638
"2026-05-20 22:43:24",289.5892,97.5094,127.2156,539.903,0.00136971
"2026-05-21 05:05:24",289.8487,97.5094,126.3474,539.898,0.0013719
"2026-05-21 05:05:24",289.8487,97.5094,126.3474,539.898,0.0013719
"2026-05-22 04:57:55",290.8219,97.5095,123.2493,539.878,0.00137917
"2026-05-22 08:08:55",290.9517,97.5095,122.793,539.876,0.0013804
"2026-05-22 08:08:55",290.9517,97.5095,122.793,539.876,0.00138042
"2026-05-23 03:14:55",291.7303,97.5094,120.2887,539.859,0.00138507
"2026-05-23 09:36:55",291.9897,97.5093,119.4077,539.855,0.0013873
"2026-05-23 20:45:25",292.4439,97.5093,117.9667,539.847,0.0013893
"2026-05-24 03:07:25",292.7034,97.5092,117.1492,539.843,0.0013897
"2026-05-24 22:13:25",293.4819,97.5091,114.7139,539.825,0.00138968
"2026-05-24 23:48:55",293.5468,97.5091,114.5119,539.824,0.0013894
"2026-05-25 09:21:55",293.9362,97.5089,113.3394,539.814,0.0013917
"2026-05-25 15:43:55",294.1957,97.5089,112.5472,539.81,0.00139153